filename,Non,Stress
S080_008_00000007_png.rf.0b7fd4c00d5be40139772e7330bf5e41.jpg,0,1
S060_002_00000026_png.rf.39d113d474abd5aed62dce3aba8746a8.jpg,1,0
S117_006_00000008_png.rf.cc7d9e9077ce105c983bd36be52de9ba.jpg,1,0
S100_005_00000022_png.rf.8ccbd595ee61bd223760c304d5a7215e.jpg,0,1
S128_004_00000011_png.rf.bc273bdd21ffb632d27c915cb6365edb.jpg,0,1
S083_003_00000018_png.rf.303ff325bba1dffb48b8bcfd922ccfb3.jpg,1,1
S063_001_00000012_png.rf.887c1760ec493b4c92438baa90a59edf.jpg,1,1
S077_001_00000026_png.rf.fff44ee67b9673b09f8a0d5cde8d8c89.jpg,1,1
S055_004_00000026_png.rf.b7bba411033f557696ccf2a01d440720.jpg,0,1
S107_001_00000008_png.rf.f540ae225cdba8367ca05d50cad755a8.jpg,1,1
S057_006_00000032_png.rf.38a0ae795814a79c6b4ef2398805cb02.jpg,1,1
S082_001_00000014_png.rf.c530dc8e09e165bb7f6719ac49d9619d.jpg,1,1
S091_003_00000019_png.rf.a5d9c30998cab96eb8d6830c80626ddd.jpg,1,1
S124_006_00000009_png.rf.1ba8fc30e7c8ee74911e71c52f43c217.jpg,0,1
S037_003_00000020_png.rf.260effb5544a1d7bad774cea5ceb4261.jpg,0,1
S095_007_00000021_png.rf.ecb224cc37282b0adc9ff9c3a1cf85df.jpg,1,1
S098_004_00000013_png.rf.fee5b80b5487c5775efc8dc45f0f7e01.jpg,1,0
S106_006_00000010_png.rf.ea7fcfec537a7302152b6d5e7f83590a.jpg,1,0
S032_001_00000021_png.rf.72148ab64bb9f6d383b085a367ea937e.jpg,1,1
S058_005_00000008_png.rf.aaca3573af339bc49ba82d7d77cb84f4.jpg,0,1
S504_004_00000014_png.rf.4b9d0361c3e541e526f08e9b2c1008d5.jpg,0,1
S061_001_00000012_png.rf.a756a995d60dd4d213da96d83c9e7394.jpg,1,1
S062_001_00000017_png.rf.3f72e6b0159898a5aad36d46f704e052.jpg,0,1
S057_001_00000018_png.rf.49c8f5328f5a49d5aaee5e716bc5560e.jpg,1,1
S132_008_00000008_png.rf.e87765904943f120a1016b33cc8e8b91.jpg,1,1
S064_003_00000025_png.rf.6c575c4ecdf607618e05c05d753ae6b8.jpg,1,1
S501_001_00000066_png.rf.9cdd9d24e7242b8cdc0d42a074502fe9.jpg,0,1
S077_006_00000012_png.rf.57c438d953de9576553fb610f6fc2c46.jpg,0,1
S132_003_00000022_png.rf.db1de237a5ff60a20b42121b8c7efa0d.jpg,0,1
S065_005_00000006_png.rf.44d25cef146625bf1e8c2ca927e04b8b.jpg,0,1
S148_002_00000015_png.rf.50d83498f87a699b4443a010f89ac09c.jpg,1,1
S125_006_00000021_png.rf.d93f50506fc059aca139b556521b89d3.jpg,0,1
S078_001_00000032_png.rf.fa050ee4bf0a758df397d311a532bc3f.jpg,1,1
S010_004_00000017_png.rf.0d8179e7356179071044c9fa678a87de.jpg,0,1
S011_001_00000014_png.rf.2f7abad4ea2cf642c4bac25b8c7813c1.jpg,1,1
S035_006_00000018_png.rf.0d5c8d04ede4ab17e4af08bd9ac25d9a.jpg,1,1
S063_002_00000021_png.rf.d5d96ac05b583cbe5ae950829ffeda77.jpg,1,1
S058_005_00000010_png.rf.ce116a661a41989c8facdafdd60d290f.jpg,0,1
S138_008_00000009_png.rf.a17331b69c77d9d043a1f24c704ac296.jpg,1,1
S502_002_00000008_png.rf.5e5124162d83c3668b05a15fbc07e72b.jpg,1,0
S087_004_00000010_png.rf.84adf7d106b1eadc488401a1ed3046bd.jpg,0,1
S128_011_00000016_png.rf.eca92475ca28c5613096180e191861bf.jpg,1,1
S010_002_00000013_png.rf.2a4828ab51a9f6ff141a25f44b835d2c.jpg,1,1
S081_008_00000010_png.rf.f18e3ccb40500e0c044702b15daa32f0.jpg,0,1
S093_001_00000018_png.rf.186dd5aa96a5e0476ff803482cda81f6.jpg,1,1
S026_002_00000014_png.rf.c521581d7164b3d38194b302c57eb45e.jpg,1,1
S011_003_00000013_png.rf.83b0323e941bef14c2747b96ce54a35b.jpg,0,1
S022_001_00000029_png.rf.83dbcd607f275099f3ed768d34f52c73.jpg,1,1
S138_008_00000008_png.rf.6c18a10a1c79af0a38b403fd9c0c50ff.jpg,1,1
S066_004_00000010_png.rf.2f57191c31ae6ae4f083ec4f696776bc.jpg,1,1
S098_003_00000011_png.rf.f0c292f2b8f34eeb820ce9e68f56320a.jpg,0,1
S064_004_00000013_png.rf.5570373ed0a78786b3a82155c74b422e.jpg,1,1
S107_005_00000011_png.rf.63a51c04e5a6d5922d894e9331baa2b2.jpg,0,1
S066_004_00000009_png.rf.45bf1faf9e1102d6a1ed485e0db764ae.jpg,1,1
S062_002_00000015_png.rf.87c724f7e6f99cbc88a1860f21aa1d06.jpg,1,1
S061_002_00000013_png.rf.2c0092870dc22929acfdaedb6ccd20fe.jpg,1,1
S037_006_00000019_png.rf.a696350a104fa625b77cac09c4669c05.jpg,1,1
S116_007_00000016_png.rf.737e2ecbbd51bad3c90a36250c97e8f2.jpg,1,1
S107_005_00000009_png.rf.468593c382084ca58b5e31cbdf6fdcda.jpg,0,1
S115_004_00000016_png.rf.c4f028bb35279b138379cf4ce2f4299c.jpg,1,1
S077_006_00000013_png.rf.5ff4441c43a017587debdc5a6856ad2b.jpg,0,1
S108_006_00000019_png.rf.04f499059fab1b898f2f1b21ab720d77.jpg,0,1
S077_001_00000028_png.rf.1df9db25a1c35c36c38f64141f521018.jpg,1,0
S064_001_00000012_png.rf.551eaf24c513aeead7c45a38f70e17e9.jpg,1,1
S050_002_00000018_png.rf.c71426281c62a1bf7db86425d554e7fd.jpg,1,1
S042_001_00000017_png.rf.f1e6dc014196936bd40982c05dc5d78f.jpg,1,1
S071_005_00000019_png.rf.726ce186bcec95f89dc0db89757682a1.jpg,1,1
S028_001_00000022_png.rf.bdb3e0fba615a7a5596be0bab6779c2d.jpg,0,1
S070_003_00000015_png.rf.675168cf5286f841b7530200e4851034.jpg,1,1
S504_006_00000017_png.rf.25663e136fd3f7efa976ef2e5e7560eb.jpg,1,1
S091_001_00000013_png.rf.c7065d6a755a41e5e39a3be04e70c271.jpg,0,1
S099_007_00000012_png.rf.9d2f6f883a5556fd1eee6f06de8897bf.jpg,0,1
S074_004_00000016_png.rf.e1742b89ce298532ff410c1ffde45210.jpg,0,1
S054_002_00000013_png.rf.51af54d51dd1ff302b4b996bc0f3dd9e.jpg,0,1
S073_001_00000013_png.rf.21cc87227fb370825bf6065dbc8805bc.jpg,1,1
S504_004_00000013_png.rf.d305cfa0da5efb7fd1211ce720841888.jpg,0,1
S130_013_00000015_png.rf.5128e51a5cdeb182b562c461b90e38a1.jpg,1,1
S050_001_00000016_png.rf.1a6600c5f9701c7131c8419ddcaec960.jpg,1,0
S131_006_00000021_png.rf.3e22748ecd04b53bfe61cd791b2f83c2.jpg,1,1
S095_006_00000011_png.rf.2025398969993e14d789f480c2a3556f.jpg,1,0
S149_002_00000013_png.rf.c99ace071c8d4706b8f60ecd5e332c50.jpg,1,0
S079_001_00000010_png.rf.296b2d3e12beb0246ff2f814d64af5b6.jpg,1,0
S011_006_00000011_png.rf.6c207a2921db3590740a965730978878.jpg,1,0
S095_010_00000012_png.rf.9d87d7172593fed60df998e4cde6d700.jpg,1,1
S090_007_00000013_png.rf.537ddc215fdc26dad25e67be568e7f9f.jpg,0,1
S074_002_00000016_png.rf.ade71191190270fa77fe9c924371e14b.jpg,1,1
S506_004_00000036_png.rf.e4e9e09bfccd0c43fe6fc466b4768f02.jpg,0,1
S098_003_00000013_png.rf.710450191fe5ab669a19bcafbd4ce604.jpg,0,1
S074_001_00000018_png.rf.2ab93c3c77cd0f202d551ca74b32645a.jpg,0,1
S119_008_00000017_png.rf.ca0b816b0b01ceba2193d688c2487fb7.jpg,0,1
S131_003_00000023_png.rf.d2aae5f2f776d3f6f4b265dbbbc86d76.jpg,1,1
S074_005_00000041_png.rf.c456a2b4c809ee38dd2d273680f5ce13.jpg,1,1
S050_006_00000023_png.rf.5e70fef68c1e1f8c6bcd2af3ccd607d3.jpg,1,1
S061_002_00000015_png.rf.5c22e8f018de5605c84edec763c36f1d.jpg,1,1
S111_001_00000013_png.rf.1b7fc5e8fc84ebba981b21a7bcafa2a2.jpg,1,1
S067_005_00000021_png.rf.da95a703ce752ab8a89c93e57d77c7a9.jpg,1,1
S506_006_00000041_png.rf.e854fc54707b596639f1dc14f3304959.jpg,1,1
S060_003_00000017_png.rf.e33c3dde2cba14e2d15b21ec261fc93d.jpg,1,1
S062_005_00000029_png.rf.9cc318d34e1022c0b128d363efd3bbf2.jpg,0,1
S126_008_00000027_png.rf.ba1cb8d44596978b917d9837a7bcb1b7.jpg,0,1
S074_004_00000018_png.rf.1a7fc8e889e5b6f45b82efb8798b58b4.jpg,0,1
S094_004_00000011_png.rf.481539cc734de90cc69fc1b58dae785b.jpg,1,0
S506_001_00000040_png.rf.ffd59d15738e2fbd2218b8984a5778fe.jpg,0,1
S046_001_00000024_png.rf.bf8e27b19702192a84c222ddb7dce008.jpg,1,1
S032_006_00000014_png.rf.6e6bcb6518fdec6844364ad397bfdf5c.jpg,1,1
S148_002_00000014_png.rf.435c6c19a984a4a519b19d3799bf50ff.jpg,1,1
S051_003_00000018_png.rf.8cde96a9f8d23afeed3cc7cb92ccfd28.jpg,1,0
S501_006_00000039_png.rf.4194c145f079161fa9d96f57e3fb4b48.jpg,1,0
S136_005_00000010_png.rf.12048fe1c42e2adb3a24a7d5b02b5fc6.jpg,1,0
S147_002_00000011_png.rf.a33060ff28c9f283d6f376cb6640ba29.jpg,1,0
S059_001_00000016_png.rf.dff3db66da71669f1430584a7b2c5c9c.jpg,1,1
S134_003_00000010_png.rf.ada18d2813096cd50e6c1fe865d1d448.jpg,0,1
S113_003_00000013_png.rf.91ea52cd69aa8180f07237a487875505.jpg,1,0
S102_002_00000018_png.rf.ec60ec1dee8e74d46542681fb473bade.jpg,1,1
S067_006_00000010_png.rf.f014e3d772aa497be109dc4fca6c89c1.jpg,0,1
S068_003_00000012_png.rf.58bb1f2cf20e2d6865997ebbb1dc0341.jpg,1,1
S073_006_00000013_png.rf.e0c04f797c285910e75fe5ac80cb8c36.jpg,0,1
S066_003_00000010_png.rf.dd3096720aced5e35133cae8adb83682.jpg,1,1
S102_009_00000014_png.rf.0c633a8e323173e3c81959544ea0da9c.jpg,0,1
S066_003_00000012_png.rf.fda92ee45397d378afd222a408fd4e26.jpg,1,1
S096_004_00000010_png.rf.7284170c650649fd20548489b1d5f5ce.jpg,1,1
S092_003_00000013_png.rf.2b7f702a715e21daa41885dcf9accad4.jpg,0,1
S029_001_00000017_png.rf.c80c58612ed4fcbc907c8bb7efb00c10.jpg,0,1
S505_002_00000021_png.rf.103cc64b7c4944782d09d35ab613efc5.jpg,1,0
S101_002_00000017_png.rf.2cbe04e4325ab6219b0e749417bed58c.jpg,1,1
S078_004_00000027_png.rf.df51b32f94c528e10c1423b9ff531181.jpg,1,0
S125_001_00000013_png.rf.a16439d0ca5ecbeb8998c3f31d982925.jpg,1,0
S503_001_00000070_png.rf.22a48657ac1462167733eac6630b0053.jpg,0,1
S052_004_00000032_png.rf.afccf4b509827ae7963f86e92906ffc0.jpg,1,1
S067_004_00000023_png.rf.32499c8e620648deca6890135ced71eb.jpg,0,1
S505_006_00000019_png.rf.beadaeacf43d426dbf54f1f0b26c6dba.jpg,1,1
S067_002_00000012_png.rf.2d22398cfbe9672ee3efe12f9374c5d6.jpg,1,1
S138_007_00000009_png.rf.e9a39e027616759144e2c637f1853613.jpg,1,1
S014_003_00000030_png.rf.4f95fe17e5acf0a77458a421c19912e6.jpg,0,1
S085_003_00000011_png.rf.ff2b72b762755708dd261a7e6b2c1a77.jpg,1,1
S056_003_00000009_png.rf.6cae5b0221cd2219fbf386166a1f435c.jpg,1,1
S094_004_00000012_png.rf.34eb96550049f8dfba6028965e7cfb1b.jpg,1,1
S137_001_00000014_png.rf.3a25b2845cd5e5e447a930890e609d6b.jpg,1,1
S071_001_00000011_png.rf.2377c3e9d210b844d035200d9d42b2a4.jpg,1,1
S129_011_00000016_png.rf.d52f952f5b723e48cc9e05146b3f25ec.jpg,0,1
S065_003_00000020_png.rf.2ebc3f3175b51ad0a91984c002e8a36d.jpg,1,1
S503_002_00000008_png.rf.16d4e9169f164caae537500ca32c1596.jpg,1,1
S079_002_00000012_png.rf.632afa116793b412c1f8c2988f474663.jpg,0,1
S124_003_00000009_png.rf.1d329867b44eb1f84fef207f9f858b15.jpg,0,1
S044_001_00000024_png.rf.7ccc8a2abc05a75ee9a86dbcfd4038b7.jpg,1,1
S138_007_00000011_png.rf.6523ac8ac20a25bc6cc29d2d7c067dbb.jpg,1,1
S051_002_00000019_png.rf.f36355b0ad5e9ef39fa97f24ee3d3d60.jpg,1,1
S108_008_00000011_png.rf.0417a38b5d77e694f1a2214f9e36f903.jpg,1,1
S050_004_00000019_png.rf.98e19beb2c1fff3bb2db37aaa9ac930c.jpg,0,1
S502_004_00000052_png.rf.90484b4d135ce82d0e833e6d7b6d6a0b.jpg,0,1
S059_002_00000015_png.rf.f89aa6b8d408113420c5ff6c8b1f0365.jpg,0,1
S080_008_00000008_png.rf.31a8eead8d4490d27b45a5fc099dfde4.jpg,0,1
S132_005_00000015_png.rf.971c268cc609818c93e495dcc33af5cd.jpg,0,1
S088_001_00000017_png.rf.d8a2ac60196947910ed978da61c9cff1.jpg,1,1
S052_004_00000033_png.rf.e2a810aa4c7f48062ef1f95c7fa248b9.jpg,1,0
S056_004_00000019_png.rf.5d3834a8060813fea6e33628e08e741f.jpg,1,1
S119_003_00000023_png.rf.828e48cddd13362434738d7dc544a293.jpg,0,1
S158_002_00000010_png.rf.5f8ccdaa62274a7a96e5dc39bce3345f.jpg,1,0
S504_006_00000016_png.rf.bf56e9c844b36356be362fdc2b356a54.jpg,1,0
S096_003_00000011_png.rf.4fed99c96e653757b63e309e1f4a7bf0.jpg,0,1
S132_006_00000022_png.rf.6b05fd707c683b2f613b1c84588a99c5.jpg,1,1
S064_003_00000024_png.rf.e57f8ff3d1ea65f7483665527f40d4b3.jpg,1,1
S131_003_00000024_png.rf.a39f664920529552ba654543f1a26d03.jpg,1,1
S079_002_00000011_png.rf.1cee372f7ee3caa11cffc2e1ef22cb38.jpg,0,1
S050_006_00000021_png.rf.dde1be041f344a4b8182c288a42347d5.jpg,1,1
S099_004_00000015_png.rf.1b19de164dbf264d7cf43a70a9197ca3.jpg,1,1
S124_001_00000014_png.rf.de6617efd9ce92fb52301265c1fd46e3.jpg,1,1
S037_001_00000020_png.rf.bb411b9ed9bfc9f92d5fee133b9c9767.jpg,1,1
S042_004_00000018_png.rf.49a6629c607c5f97391e13f1ed445a55.jpg,0,1
S075_005_00000010_png.rf.a798903c9a0582d0cd43f9b47f9936bc.jpg,0,1
S157_002_00000010_png.rf.396fae3ef1934765e9a3d1b00980c5d6.jpg,1,1
S080_005_00000013_png.rf.90ce96d02cbf43f13e759018f74c8b11.jpg,1,1
S085_002_00000014_png.rf.adb3501acfd261d62dc0e7cf2666ab83.jpg,1,1
S074_002_00000014_png.rf.5803c7d034125929cdcca317c9fe84c4.jpg,1,1
S071_006_00000012_png.rf.f5e2dcca172990cadcdfd73075b3430c.jpg,0,1
S070_002_00000015_png.rf.c7c33d35785852edb9132b0bced51fbb.jpg,1,1
S068_002_00000013_png.rf.aa1c67dad4d7d6f0920393b6f2682a22.jpg,1,1
S999_003_00000053_png.rf.9c70f34d5eee3cd486617af83e6c237e.jpg,0,1
S116_006_00000007_png.rf.04fddcd50be009451f3fd10a529a86a6.jpg,0,1
S134_008_00000012_png.rf.eddf7c87f43afdb30bbeb2bdd00c784e.jpg,0,1
S032_004_00000014_png.rf.422874d01a2026a8d6cc8cc18d36d9c8.jpg,0,1
S022_001_00000030_png.rf.eba0abaef5d7c9d7908a8ded8b3488c7.jpg,1,1
S090_002_00000009_png.rf.2f572ba28fb79a5e4006ee7e89178b87.jpg,1,1
S125_007_00000008_png.rf.ea2d3de9ed738005362dad7f80a52ecc.jpg,1,1
S066_002_00000021_png.rf.84cb232553ac6cb1d6eb7bd29b3fa2e1.jpg,1,1
S071_002_00000018_png.rf.4b010257185870056db5a976884c98b5.jpg,1,1
S050_004_00000021_png.rf.7ae6af91aea3be0e9810f8e5510b9480.jpg,0,1
S067_005_00000020_png.rf.be0161fdb821a8ed453e752c1f7dbc14.jpg,1,1
S097_001_00000020_png.rf.6253a69bfdd90c1eb4fb94dbe45e5473.jpg,1,1
S105_008_00000009_png.rf.2141da6a8a587cf9828958dae225b4cd.jpg,0,1
S055_006_00000008_png.rf.d7d47777b7fe117d5e4ee7c0c457e0c8.jpg,0,1
S503_006_00000020_png.rf.1d17f09bbf938bd6b4e101402d49670e.jpg,1,0
S087_007_00000015_png.rf.adde70bb6b2db11d2f8cf722f34cebf9.jpg,0,1
S046_003_00000015_png.rf.97817dfc85fb683229be822b2ced242e.jpg,0,1
S113_008_00000023_png.rf.e73639a96646cbe90a2706d4983d1677.jpg,0,1
S133_010_00000012_png.rf.0046618ad89b32b2c35ae15883d7c521.jpg,1,1
S119_001_00000011_png.rf.7fb774de928117b91223aa1ef70e4ec8.jpg,1,1
S034_003_00000027_png.rf.eafe65bd2fffed651c1d3fef2b4505dd.jpg,0,1
S501_004_00000054_png.rf.bd42c1052cf2d75c243ec026009604e9.jpg,0,1
S078_007_00000013_png.rf.b53c729a91272d44033d0ec049c610a3.jpg,0,1
S138_001_00000012_png.rf.5c69f3a42a19a699bfadc0ec5fbec3bf.jpg,0,1
S130_009_00000017_png.rf.7624e297d6daf543dc0070a5860b0a2f.jpg,1,1
S107_005_00000010_png.rf.4b7f2bcec468a80e478e22e580447435.jpg,0,1
S102_003_00000015_png.rf.6e6b0f1457491d4123fee6ea4b57b02b.jpg,0,1
S999_001_00000016_png.rf.85b76004674c5dfbefd3793f59e43b45.jpg,0,1
S045_005_00000028_png.rf.9c013f1e6ec566a07cb20e31b8c1f05a.jpg,0,1
S095_007_00000020_png.rf.6ec79a81e7885a5038ccb86631767a1c.jpg,1,1
S136_003_00000014_png.rf.987ee4a8254959b6f45f3e58782cfad5.jpg,1,1
S136_003_00000012_png.rf.d611f7fe96af804fe8f6817c77203cbe.jpg,1,0
S129_011_00000017_png.rf.5b2a7d86776b346e3ed0f63a23865550.jpg,0,1
S096_004_00000011_png.rf.31568f72ec2e648127ec824740c2a9c7.jpg,1,1
S082_005_00000015_png.rf.4f4d9d64000571a6235c4959400c9399.jpg,0,1
S109_006_00000014_png.rf.b6e1726e02e7050d5be74a941e90a71f.jpg,1,0
S071_004_00000027_png.rf.9c91b42696123271d25cfc3a55ceaeec.jpg,0,1
S058_001_00000019_png.rf.227025b762a1221d73b7d51a0ac27d79.jpg,1,1
S125_007_00000007_png.rf.60685bfd594e8f0c57628f9468ee3833.jpg,1,1
S147_002_00000013_png.rf.547dea773a17c516772eaf738105edda.jpg,1,1
S010_004_00000019_png.rf.2763b5fa9332b0113a138b3473fdf01d.jpg,0,1
S124_007_00000022_png.rf.b8a1ec228005b981951707a53aaee959.jpg,1,1
S130_001_00000017_png.rf.bcacd6952d753d7a022dd924718c71e3.jpg,1,1
S046_003_00000016_png.rf.b3b89f562e8418eb4a6194880b25c17a.jpg,0,1
S011_005_00000020_png.rf.ae4aa09047730011bae046ec0e4558b8.jpg,0,1
S126_004_00000010_png.rf.6517c58a756fe68d0ea310154e2f5f18.jpg,1,1
S075_008_00000010_png.rf.b9ddbd2db4e700128a200f80cf41cc9e.jpg,0,1
S073_006_00000014_png.rf.78936112b3f8fda0a6e16a178b41059a.jpg,0,1
S128_004_00000012_png.rf.6d3ceca24b3d3051e7d62231af64f315.jpg,0,1
S071_002_00000019_png.rf.fc19d241939d6f4cf0217c92292a9180.jpg,1,0
S046_004_00000015_png.rf.1209a5c8f5c64ab11bcea471ac0353b7.jpg,0,1
S010_002_00000012_png.rf.481a487464776a2a1ca5f262016dea73.jpg,1,1
S132_002_00000018_png.rf.321858204e017c77267e7d9f0831fdcd.jpg,1,1
S130_001_00000016_png.rf.16622dc01e5702c6e3a3e72e93872063.jpg,1,1
S094_001_00000010_png.rf.da43ae968e09783474cee81dbf255d2c.jpg,1,1
S502_004_00000051_png.rf.0026a872faf6d6ced6c70281df5ded17.jpg,0,1
S046_004_00000017_png.rf.acda8bbc326616de62c112481c4a7f8a.jpg,0,1
S099_004_00000013_png.rf.1b59a3e96d666313db54aed8cbdfa0dd.jpg,1,1
S149_002_00000011_png.rf.8a89e1e0780ff9691b85a33180c62afd.jpg,1,1
S125_001_00000012_png.rf.8c6e0213f9e81b04222dcc2f49291ef9.jpg,1,1
S147_002_00000012_png.rf.21c4122ac923698a83ef34c572ebfbd8.jpg,1,1
S035_005_00000019_png.rf.b9c9456066e80054d2cb9784faf5e8e0.jpg,0,1
S058_006_00000018_png.rf.7777a5128237324d2d74d5f357af64ba.jpg,0,1
S011_006_00000012_png.rf.2c1bc483235281c9f64bdd8e94bb684f.jpg,1,1
S501_004_00000056_png.rf.7a97f93fde9fe371f191f743e0e8b774.jpg,0,1
S058_001_00000020_png.rf.dfd22497ee9f9b68c5412c61e61e0cce.jpg,1,1
S098_004_00000015_png.rf.e9d4ef9727a86f2879dd6b885889d6a0.jpg,1,1
S055_001_00000011_png.rf.acf294f900d7566f9f0406b64d300d86.jpg,1,1
S086_002_00000014_png.rf.1da28060c92ad0d6d99f6a28b7dc4c98.jpg,1,1
S106_006_00000011_png.rf.e5f3223b503e517fe7b2422f6e864dfe.jpg,1,1
S133_010_00000013_png.rf.cf2a6c3b61ed6a8370c517a60c56199e.jpg,1,1
S074_001_00000019_png.rf.b7b09abad65c91900c5a4492e794b773.jpg,0,1
S135_001_00000037_png.rf.d733afff2f0b00786f696f67180e9ddb.jpg,1,1
S075_008_00000011_png.rf.70ed09de2b3a734002483b215b2620ce.jpg,0,1
S046_001_00000025_png.rf.5d3134020c36a8334cbfac560de07fc2.jpg,1,1
S035_001_00000013_png.rf.6772c80d0dee046b890a19df0da47338.jpg,1,1
S067_006_00000011_png.rf.8fc6c28640d6cc5988e6519562a08a4e.jpg,0,1
S117_003_00000013_png.rf.a0709302cd9a2df162203fbf53ea0425.jpg,0,1
S080_008_00000009_png.rf.71fa9183d357825ad4df27711614eff9.jpg,0,1
S117_001_00000014_png.rf.a432f324317109472fc7ea31013d8bb0.jpg,1,1
S116_001_00000013_png.rf.7d7a6b1160b824e75358fd5bca861d3c.jpg,1,1
S060_003_00000018_png.rf.a85f0161bae0413ac798933aea492456.jpg,1,1
S084_002_00000023_png.rf.6b7e8f0b6447bf97c546cd63226d599d.jpg,0,1
S136_001_00000018_png.rf.affe2aaad6d72922d152a7c1f2634c1b.jpg,1,1
S089_003_00000036_png.rf.edc5de40dc729d0a4162cc16ba2c06bd.jpg,0,1
S105_008_00000008_png.rf.cd13e07cc2296bc5bd0c24019a7068f3.jpg,0,1
S132_005_00000016_png.rf.6d500f4eac7c0c2b3b18a5cb795de525.jpg,0,1
S101_002_00000019_png.rf.401187d30d0b83895dcb1f1b1b7379d1.jpg,1,1
S011_002_00000021_png.rf.f8bdbf2b9a5952d3e827fd623f4f6b2d.jpg,1,1
S111_001_00000012_png.rf.57a25f9c4f02703e73e89f5abbf504e8.jpg,1,1
S099_001_00000014_png.rf.c73155488283138eba08f71b35273468.jpg,1,1
S042_002_00000015_png.rf.4c7bd460d0944c8dbfc20afc3e94d66f.jpg,1,1
S131_001_00000014_png.rf.c7cfc95b9baa5c963f9260c9b3c06aeb.jpg,1,1
S067_006_00000009_png.rf.915b677e1daeb8c42b26356d2179a7d9.jpg,0,1
S133_009_00000004_png.rf.414b7335e854f8ac8af3cdf760b8195d.jpg,1,1
S085_004_00000016_png.rf.79f9c82e85028d023640cfaabcf98b07.jpg,0,1
S091_003_00000021_png.rf.c137925749c6932982bd124c462cab42.jpg,1,1
S084_002_00000022_png.rf.f8b0e4468b9fbd94cb107766343658b4.jpg,0,1
S138_005_00000014_png.rf.6407ce0962f237dc846fed61fee60223.jpg,1,1
S054_004_00000024_png.rf.1abd5dbb7546d5640885a71103d8328f.jpg,0,1
S062_001_00000016_png.rf.10d8cc2191852e6692add825a0d195d6.jpg,0,1
S090_006_00000010_png.rf.22fda1ca7e468f4b27c674680fc36ed7.jpg,0,1
S034_005_00000008_png.rf.6d2d97a8160c6535bc9d959d10930e9d.jpg,1,0
S074_005_00000043_png.rf.5e6e3925f87234953f421f6d6d7e4583.jpg,1,1
S092_001_00000015_png.rf.3f14bcc1a5a92edfe037ed71b76beaf1.jpg,1,1
S073_006_00000012_png.rf.0d22843e4d7bfa2ce3048f4094ea9d0d.jpg,0,1
S504_001_00000021_png.rf.74c68317caff26c8a32867efecc83054.jpg,0,1
S502_002_00000007_png.rf.0bd4ba9fb30349e720591995dcd3ba94.jpg,1,1
S506_006_00000040_png.rf.63b549ddfb8e72f952e63f2db0f3c663.jpg,1,1
S052_004_00000031_png.rf.7d09d29501d09a3de38ebd992d761e65.jpg,1,1
S066_004_00000008_png.rf.3adef77925624ad9112b9f4c2c2697f2.jpg,1,1
S058_005_00000009_png.rf.18b082ff110cc7860f21931d8ea3f23a.jpg,0,1
S014_005_00000016_png.rf.1b2d602c048287cc6bae53a1eb984b88.jpg,1,1
S065_003_00000021_png.rf.fb235d1c24d71b579a1fc2018ddfb5fd.jpg,1,1
S139_002_00000011_png.rf.173e8c8626e2ada20cab578713bba8f3.jpg,1,1
S128_011_00000014_png.rf.4a1cfe52e6955a30f7173b8fa57c47d1.jpg,1,1
S134_008_00000013_png.rf.6ae3b2d5f54f766f3c97246963129102.jpg,0,1
S014_002_00000015_png.rf.9f9cd5cafcb8fe028cc4fbad03a3a431.jpg,1,1
S082_001_00000013_png.rf.afb61fb7d54f1f8b4c5b435fa3c9b9ae.jpg,1,1
S022_001_00000028_png.rf.19fa482270cc3751894fbd22844f335c.jpg,1,1
S136_001_00000019_png.rf.98f83a58eba77ab0cf4730feac4804fa.jpg,1,1
S050_004_00000020_png.rf.6027c703295a72f42f34dbb9769ba82a.jpg,0,1
S076_005_00000012_png.rf.c2188b510bfb0c266624aa1e4cde8b2c.jpg,0,1
S110_001_00000013_png.rf.90a8bbff0202da86023dd4e31f3a42fa.jpg,1,1
S026_001_00000015_png.rf.2e2e43172a8c2eb7f89ae4feff15b7c2.jpg,1,1
S055_004_00000027_png.rf.5242e5d1c9523559ebb05603ed0c5597.jpg,0,1
S010_006_00000014_png.rf.63e5b4bc46b2245d81d8ff544940d306.jpg,1,0
S089_002_00000019_png.rf.34d15697753dc18b459d1d8567178294.jpg,1,1
S090_006_00000011_png.rf.26f1d462166017ab03b3c175ff816c46.jpg,0,1
S056_004_00000018_png.rf.fe75dc4ff036f1317501427cb64ce8cb.jpg,1,1
S126_004_00000012_png.rf.45874b4e178ec8d029da9a0f85815833.jpg,1,1
S501_004_00000055_png.rf.48a2b7aae55c166610f4f03dfb2cb9f0.jpg,0,1
S069_003_00000009_png.rf.63dd88826f8f23b00096d6cda9387e46.jpg,0,1
S069_004_00000016_png.rf.a1eb0eb5f497653b52be7213db2af56c.jpg,1,1
S014_002_00000014_png.rf.ecdaf6bea6f5a85b5f11a839b498fda4.jpg,1,1
S096_001_00000006_png.rf.32cb5ff255468736e6b2b37ffca001e6.jpg,1,1
S085_002_00000012_png.rf.19f387b397adf61ab222c8764a7c56ca.jpg,1,1
S132_008_00000010_png.rf.df3436ae6d593f62b886bd8bc7d1c1b4.jpg,1,1
S139_002_00000013_png.rf.eff929b473e43c9aae33e6d5c9292ad8.jpg,1,1
S076_005_00000010_png.rf.211c85ce8bb24bac49e8c5383ec87067.jpg,0,1
S055_004_00000028_png.rf.72fed2a342b4311980507f54a75152be.jpg,0,1
S011_003_00000014_png.rf.6da9e3a149a0d86c2c1359531f9dfdff.jpg,0,1
S034_001_00000029_png.rf.0b6e319aba3e28e32634cfba76be7846.jpg,1,0
S079_001_00000011_png.rf.6f7a77e627e5acfe9f7baedf351f24a3.jpg,1,1
S125_007_00000009_png.rf.2ae0f273bbfcf568de60f4e376237475.jpg,1,0
S100_006_00000016_png.rf.d9854b70c71ac6f00d135281c46b3179.jpg,1,1
S116_006_00000006_png.rf.5a89e4e9f1c21920c6905192e0da1d0c.jpg,0,1
S127_010_00000018_png.rf.05f71b4347713df368f8b20b3b73c4ff.jpg,0,1
S032_001_00000020_png.rf.4b46a0edc0b2bd9b96ac12f2fda8d1ca.jpg,1,1
S056_003_00000010_png.rf.1743f807a284932af10b12f50253d2d9.jpg,1,1
S102_003_00000016_png.rf.1813861234bef5a1f6fbf3ac8ab5e40c.jpg,0,1
S502_004_00000050_png.rf.845edb8e9a88a4052fa89a45272cba19.jpg,0,1
S080_001_00000016_png.rf.8ef59bc42bbdbbde959edaccb5bb004f.jpg,1,1
S082_001_00000015_png.rf.7920d31a0ebaad45784ec8c2f8d2e567.jpg,1,1
S895_002_00000005_png.rf.fab7383c61a04d1b759049ba708d81e9.jpg,1,1
S130_013_00000014_png.rf.aae36a828b2030696b242059d024c55e.jpg,1,1
S071_005_00000021_png.rf.5c3741e59fa33be92b498c0193f5b483.jpg,1,1
S063_002_00000023_png.rf.b3f6792b4b7c906e1d1a9b45910b5fb1.jpg,1,1
S102_002_00000017_png.rf.44ac8f46eb40cb49fd293057df8094ea.jpg,1,1
S125_006_00000020_png.rf.14571afd72880ff9bac5c07da420ee11.jpg,0,1
S059_001_00000018_png.rf.d30f9f05790c863afd8836dc20823e7b.jpg,1,1
S089_001_00000016_png.rf.f8314527c9e7ec4f8cf9ab770675774a.jpg,1,1
S119_003_00000024_png.rf.26dbe1a524ab636a8b57f3cf4b23e9b1.jpg,0,1
S124_003_00000011_png.rf.eecc113f31977340cf96dc22cfae69cc.jpg,0,1
S112_005_00000016_png.rf.638d6f4e3ff77643ecec4a23a583bf57.jpg,0,1
S070_002_00000016_png.rf.9369ce4479f443b4a0e1c030973aa5a5.jpg,1,1
S138_005_00000015_png.rf.4b7a9467cf663099a510355dcaf66514.jpg,1,1
S095_001_00000014_png.rf.0e67fdb708a56edb02f77915fe966d8a.jpg,1,1
S045_004_00000014_png.rf.f270d6f37e19c209d29cf048972d5cd6.jpg,0,1
S999_001_00000017_png.rf.b7fdcbc696c9d527d87f930592f52e8a.jpg,0,1
S055_005_00000044_png.rf.6f399597b075091f8326ad52f3b46ee5.jpg,1,1
S114_001_00000017_png.rf.ebba0dfbb9b0fdd07ef22960a0bc616c.jpg,1,0
S072_005_00000017_png.rf.8143e4c76df5a70b5077025330b10b51.jpg,0,1
S097_006_00000017_png.rf.999cb2ce7ac15bfb40b3380f7f4bcd97.jpg,1,1
S137_011_00000019_png.rf.c76d77fda737ee88ce4ec2a23bfe9b12.jpg,1,1
S065_005_00000007_png.rf.b1bdc1392a6988ce7bb71880c8b3fd4d.jpg,0,1
S045_005_00000029_png.rf.94f739067407d9fc9b11bc5d5763b575.jpg,0,1
S102_003_00000014_png.rf.fc77825b625a38e1fa505c56d582984a.jpg,0,1
S106_004_00000008_png.rf.a7d78ceaeddf3736f7f50058a81271c0.jpg,0,1
S160_006_00000008_png.rf.d2c64b3c737b42e34a33ea61c988575f.jpg,1,1
S119_003_00000022_png.rf.e3cae375ec71bef72dfc48b1dd2f01c7.jpg,0,1
S087_004_00000011_png.rf.5343c2e0bfce16a7131c0e60d055ea4f.jpg,0,1
S109_005_00000013_png.rf.ea78fef2286ade7eb16bd1e2dec1a9ae.jpg,0,1
S503_002_00000007_png.rf.ab67418571be4a050139cb5e5b582d45.jpg,1,1
S129_012_00000011_png.rf.2fb6cbf66a0d406a58358ac12a63207c.jpg,1,1
S138_001_00000010_png.rf.a8631370aa7af3aa58dc1afa5d46a3b1.jpg,0,1
S109_003_00000015_png.rf.db92f172785f97898b55e1eff296490b.jpg,0,1
S108_006_00000018_png.rf.26d34c5f024747d9c88a78aefaf7e2bf.jpg,0,1
S505_006_00000017_png.rf.e937183ac9681dc03c0463ebc8832161.jpg,1,1
S115_008_00000016_png.rf.b8e4e26dda41eec244ed643b8e27fb56.jpg,1,1
S011_001_00000016_png.rf.943d22c71aedd34487a5d6f996068c55.jpg,1,1
S014_005_00000017_png.rf.29ffd67f5f16dbba1d09d97392f3723e.jpg,1,1
S112_005_00000017_png.rf.a6b29a80c690c5fc044afc89879d2e3e.jpg,0,1
S011_002_00000022_png.rf.fb76f32e08262a011a223149f2a6d3b8.jpg,1,1
S102_002_00000016_png.rf.215b1920c509cc9dd79652bb64401c38.jpg,1,1
S055_001_00000010_png.rf.b6d89616bbf0f95128325ad4321e31d2.jpg,1,1
S126_008_00000028_png.rf.9dbe3660f29d3a3b8502578b0835ce38.jpg,0,1
S132_002_00000016_png.rf.54e19cbf4bd58d53b1f44b03a2b20dbd.jpg,1,1
S072_006_00000021_png.rf.d4521b21b595cbdf1cb900cdcfd53641.jpg,1,1
S106_002_00000016_png.rf.457289b41f529fa289429d3fc2b7c8ce.jpg,1,1
S131_010_00000017_png.rf.d0860457052af797000d64074c7c80a7.jpg,0,1
S042_002_00000014_png.rf.491eea10b180b17b2df0bc200292f2a6.jpg,1,1
S044_001_00000023_png.rf.d2f0574275d34ad3d3ae8f1e0bb2b1da.jpg,1,1
S054_003_00000007_png.rf.456b6952e487b24a0026a2150f172708.jpg,1,1
S086_002_00000015_png.rf.fc57ba5da565d277d86b326cccf845c5.jpg,1,1
S135_001_00000038_png.rf.ec2b7cab58937f8b5f5a3d15cdfd11f9.jpg,1,1
S053_001_00000022_png.rf.10134ad29411dc3d3a9a078116a939d4.jpg,1,1
S078_007_00000012_png.rf.c9aab2485cc7a4f806f577e5f0f21a39.jpg,0,1
S044_006_00000018_png.rf.67002cde498fdc41c7fdb56751011b5f.jpg,0,1
S090_007_00000012_png.rf.06ea5058d22e554347a3375f71e31ee5.jpg,0,1
S060_002_00000024_png.rf.ef9ab6004a0d7fb367c16ae90393e193.jpg,1,1
S014_001_00000027_png.rf.3987255968e5b6c2308f548c206726a0.jpg,1,1
S504_002_00000007_png.rf.90eac0c29a81f7aedc95219cd88568d3.jpg,1,1
S127_010_00000016_png.rf.408f543b6517295adf6887d7b8cf28af.jpg,0,1
S022_005_00000030_png.rf.6df7fdf8292fab2f6899b710eebaa4ff.jpg,0,1
S085_003_00000013_png.rf.8cf561fac7f1f18b3153cee095beb272.jpg,1,1
S071_001_00000013_png.rf.3dbc1e0daec4035c64af89fc27c7399f.jpg,1,1
S071_004_00000026_png.rf.61ac344b244205bb018572b75e748b62.jpg,0,1
S130_009_00000018_png.rf.b56a065bc9589293e2e39675a9325a07.jpg,1,1
S034_005_00000009_png.rf.073afe17059a1574d23154e3533dfd9d.jpg,1,1
S022_005_00000032_png.rf.16cd8c7e5391dc9346ce38e4ac4f9508.jpg,0,1
S082_007_00000008_png.rf.85e2cd647629d9b810a3d9a780ee3c02.jpg,0,1
S504_001_00000020_png.rf.cd7ef5ba7c326dd979a29901206e40dd.jpg,0,1
S130_012_00000011_png.rf.dfa13d5760001df8009660dc534ff10a.jpg,0,1
S094_001_00000009_png.rf.9c4adfa60377e83d34160e98bc615cbd.jpg,1,0
S115_008_00000017_png.rf.235a0d80ce8b7f96827c64d6330f7db3.jpg,1,0
S029_001_00000019_png.rf.f88b6348246942485d17548348a1d119.jpg,0,1
S158_002_00000011_png.rf.f51dee760bd7eaf64ed8c92d4993e72f.jpg,1,1
S506_002_00000009_png.rf.b3431113a9d30592b4995a11f8869851.jpg,1,1
S111_001_00000014_png.rf.31bfc29e6805619b1b9b9e78aed38834.jpg,1,1
S090_006_00000009_png.rf.3ce841cc8935320160f2e4e564ebc91e.jpg,0,1
S014_001_00000029_png.rf.28eeed4df7c8c3356186d11e83a8ddd1.jpg,1,0
S071_005_00000020_png.rf.3e7c07026bbd874aba82440e0bec2579.jpg,1,0
S502_001_00000014_png.rf.7c568ab27f3923caa89fd8e0e9a0fb3d.jpg,0,1
S088_001_00000015_png.rf.4eae46d321ed9af9e2877ebf15d4667e.jpg,1,1
S502_001_00000015_png.rf.f60b123e8814ce109b1c25af7bae73dd.jpg,0,1
S075_002_00000013_png.rf.d8afeb86c909e89fbd9c6680edfb7993.jpg,1,1
S054_004_00000023_png.rf.b1b1fc26c53958c6b57396b91f465c24.jpg,0,1
S087_005_00000010_png.rf.b68484926b9682aeba368b7c9708b3d0.jpg,1,1
S068_004_00000008_png.rf.a86eb0f096b2fbefc00f815c9639528c.jpg,0,1
S032_005_00000014_png.rf.452128cee0c7eacb80a7ff7d18591769.jpg,0,1
S999_003_00000054_png.rf.3fa27af09a89d831cadd34b60dbb1c07.jpg,0,1
S155_002_00000012_png.rf.37f1076f3e65f103a2420f40f8811862.jpg,1,1
S087_001_00000010_png.rf.50b69b39d907bfdd496be61f3e1753e1.jpg,1,1
S051_002_00000017_png.rf.16805a813539bc75706c0eb6e495596f.jpg,1,1
S100_002_00000014_png.rf.63ee9c99dc92ff0fb621650ac2f36741.jpg,1,1
S154_002_00000013_png.rf.917af70dc927eaaba27d34261c5be377.jpg,1,1
S160_006_00000009_png.rf.55d065e9d7df659cf471f12549e76ecb.jpg,1,1
S037_006_00000021_png.rf.f709d2677acf739907dbb1d5addb3cc9.jpg,1,1
S137_005_00000025_png.rf.b935edeb712fedc46252061aef24e86b.jpg,1,0
S065_004_00000027_png.rf.c6ea5826965dc60e12b9192a4faecf57.jpg,1,0
S097_001_00000019_png.rf.43fa9927ea9420cbf823f07f7d9dd886.jpg,1,0
S045_004_00000013_png.rf.2efe9b1b928157288479ad1a27251509.jpg,0,1
S127_001_00000016_png.rf.27acd208540a65e6242eb31177e16b6a.jpg,1,1
S034_003_00000026_png.rf.9a815e9ba3209780859d20e2500d4cbf.jpg,0,1
S065_003_00000022_png.rf.37742854f469ac00c0349841e2039953.jpg,1,1
S059_002_00000017_png.rf.9d2842aec115ab801cff2f26a8e8425d.jpg,0,1
S129_002_00000010_png.rf.7542689a792b04cdb1605aaf76d12072.jpg,1,1
S055_001_00000012_png.rf.9795f96460c235d85952b9bb9a55ad65.jpg,1,1
S060_002_00000025_png.rf.f7d3fcd216a5d36da590902191033049.jpg,1,1
S062_002_00000014_png.rf.335e169a6af6b654bbd82cebcae657bf.jpg,1,1
S113_003_00000015_png.rf.bcf357eb31396191a1d8937c8b512715.jpg,1,1
S114_006_00000021_png.rf.6782c317eed8b9cf21806f4d1b569d20.jpg,1,1
S130_013_00000013_png.rf.b628029f54c9e0af9c87ca823da3be81.jpg,1,0
S028_001_00000024_png.rf.605c8fec7d04160ad602bcb27761d3ab.jpg,0,1
S108_005_00000021_png.rf.f48c8f673528cea58cbbf5ac460217d6.jpg,1,1
S011_001_00000015_png.rf.5e3ae684cb72a05c5cf894f9996c3ab2.jpg,1,1
S087_005_00000012_png.rf.3f847642d3fc4f7740845fcb02d6d025.jpg,1,1
S053_004_00000023_png.rf.70967168bef925e081bc278424a4c5e9.jpg,1,1
S005_001_00000011_png.rf.f9e092cb711024e4da2e6cfcec386955.jpg,0,1
S044_003_00000012_png.rf.451037cf5e435adace6336aec2fd13b5.jpg,1,1
S011_006_00000013_png.rf.553f374978cd4a72b128c38b352a40e7.jpg,1,1
S078_001_00000033_png.rf.16ed8fbad00e6760505e24a68b13f1bf.jpg,1,1
S135_001_00000039_png.rf.29fe6fc3b916e680c9284dcc543b6b68.jpg,1,1
S111_006_00000009_png.rf.17acf926a4c4c53d5e8c98417e0ed757.jpg,0,1
S109_003_00000016_png.rf.097a9b3240de4c34a504cf3b626e58b2.jpg,0,1
S055_003_00000008_png.rf.c48355fcd5b16fd2fb2c8e27417c2c27.jpg,0,1
S044_003_00000014_png.rf.7d43b5d8ee993298d11fa34859e37a1a.jpg,1,1
S102_009_00000015_png.rf.85c5196e05217d746e65c35cdfe8f7ca.jpg,0,1
S069_004_00000017_png.rf.ea06c7b9e495ea7641bf85c35e69ea4e.jpg,1,1
S138_004_00000011_png.rf.3fec602d66f758a00d2c519c9db3e309.jpg,1,1
S061_004_00000020_png.rf.e018ee7b787306c4c0d4e5561b001ee9.jpg,0,1
S046_002_00000004_png.rf.954058149f487552ff076ca7eb51aed5.jpg,1,1
S134_003_00000011_png.rf.fd079ff9f7c92271ed0cd40932feb99f.jpg,0,1
S092_003_00000012_png.rf.dc356102b2ca8e8150dac0dc50b9ff37.jpg,0,1
S134_004_00000014_png.rf.7d65ef1c3a4e0a8f73d394e507640eef.jpg,1,1
S026_003_00000015_png.rf.7eab77a4f24d2ff980d3c22605490cf9.jpg,0,1
S011_004_00000021_png.rf.5bcd132f20b63d7a136899f170b26efe.jpg,0,1
S035_005_00000018_png.rf.d1e425b51d0198ef02067612bc826a13.jpg,0,1
S022_006_00000015_png.rf.97a6e04fa0f63f3ce75373cab100f2da.jpg,0,1
S106_006_00000009_png.rf.af785949e0d8b557c939d721f8d4d361.jpg,1,1
S042_001_00000018_png.rf.ebcc062d81af7a370ffc942a15113ae5.jpg,1,1
S122_001_00000012_png.rf.b692ced943adae0d7ce1adbd6699dedc.jpg,1,1
S136_001_00000017_png.rf.0b170b4d43af3c7abd28cae4cfd2779c.jpg,1,1
S127_001_00000017_png.rf.434a48e605e184c9d904c98a817e154f.jpg,1,1
S136_005_00000009_png.rf.88b1c7984fe8e308dab5f7a8e096cbc7.jpg,0,1
S092_003_00000014_png.rf.b96c3ba4883831d7fb9929eeee8c1cda.jpg,0,1
S042_002_00000016_png.rf.7c44bde9314729551a474380573ffd14.jpg,1,1
S156_002_00000020_png.rf.3c69804ed4c9907e5bae4021ef2e2936.jpg,1,1
S070_005_00000014_png.rf.7db4d2907f633e14ce1ba66af85df465.jpg,0,1
S111_007_00000013_png.rf.fa998020edb52731764e1d750351d4ac.jpg,0,1
S130_001_00000018_png.rf.b993a86e2c8d99ad8749514ecb9df5d2.jpg,1,1
S125_005_00000012_png.rf.9abf05ca88aad8905d0a9fca9d292f0c.jpg,1,1
S034_003_00000025_png.rf.aa5e8ea266517d53bb080db39bc3ddb7.jpg,0,1
S124_006_00000010_png.rf.86a31025c81a8b56871b47f446a69f70.jpg,0,1
S078_007_00000011_png.rf.1462728904efd39c6a7f167936e06f87.jpg,0,1
S097_004_00000029_png.rf.b998684751cf01c56b9ed955358e5a3b.jpg,0,1
S035_006_00000017_png.rf.b7e153d252abbdcfa9420bb8b32f0c73.jpg,1,1
S065_002_00000020_png.rf.e3c799058260b05fb2f1beb99f2ceb7d.jpg,0,1
S037_001_00000019_png.rf.1c2007b90fa43feb193887e42c572d9f.jpg,1,1
S074_002_00000015_png.rf.53ab3f724237a63521183e3379b2283d.jpg,1,1
S032_004_00000012_png.rf.f1af1f8fd6a91845fe1e7a49e79d1ede.jpg,0,1
S071_006_00000014_png.rf.8fb9c224f2f9e36f364359102ec1e514.jpg,0,1
S151_002_00000028_png.rf.ff20130f923ae6a7aca638d3cfcb7f0b.jpg,1,1
S090_002_00000011_png.rf.fd62ce1f3378ddaf9920040f0a54e381.jpg,1,1
S114_006_00000022_png.rf.9f163b734daaf022876a8877ed4ee386.jpg,1,1
S127_004_00000016_png.rf.d51ea0ef8980d7f9fd87ebe5c62bfa50.jpg,1,1
S080_001_00000018_png.rf.c91ed8cc7396ed359f52cb6d1a0ee197.jpg,1,1
S066_003_00000011_png.rf.0585d104b6c8926ef7c6204bad09d1b8.jpg,1,1
S088_004_00000020_png.rf.0345370a4e8d415efa03913c3a78a0b3.jpg,0,1
S115_001_00000007_png.rf.b64c6888adbf4a80a1156b9259ffa175.jpg,1,1
S503_002_00000006_png.rf.09efe3b97ccc128b3e0a77f27daed182.jpg,1,1
S505_006_00000018_png.rf.4f54e0a4d9d1a6f1c9e8b7878ec4f1f6.jpg,1,1
S117_001_00000013_png.rf.1a60205814ca0a3cff3d808d7d820e51.jpg,1,1
S045_005_00000030_png.rf.32bedc8f1e20b08e8e8dcf6243b6c438.jpg,0,1
S132_002_00000017_png.rf.3f67261980149573fabfe6a5043ec92c.jpg,1,1
S093_004_00000016_png.rf.2c079f5485ab87047b0c237903e5f491.jpg,1,1
S132_006_00000021_png.rf.9b5247e04a900300f7b6952c45c403c0.jpg,1,1
S073_001_00000011_png.rf.5c3665518266725c19eac24a4cac5eae.jpg,1,1
S076_001_00000016_png.rf.06b10dd88730c4b29e429e40e98c7d21.jpg,1,1
S133_010_00000014_png.rf.ac6489619a8e10cdc4ccfcbcbe3fad12.jpg,1,1
S091_001_00000015_png.rf.d0cb311f110695b78f6966c6f0b49838.jpg,0,1
S088_004_00000018_png.rf.7bf9a1d6c409eb502939673682548cc9.jpg,0,1
S057_001_00000017_png.rf.2d6833ee21973eca87a1a664bdf792e1.jpg,1,1
S092_001_00000017_png.rf.dbe66348a2ef355eba8111370ef1d9a6.jpg,1,1
S084_001_00000010_png.rf.4faca55ccdd679d0516c1074ee0296c3.jpg,1,1
S042_006_00000016_png.rf.47f637929bb7c61630f19d77288314f8.jpg,1,1
S005_001_00000009_png.rf.74743a9a7422125141adfaeb0c9291f4.jpg,0,1
S059_001_00000017_png.rf.8d84da7714f557aef8751a98ec7ccdf9.jpg,1,1
S156_002_00000021_png.rf.238f1a330c88cc89b7ba62e2410b98ee.jpg,1,1
S117_003_00000014_png.rf.a33215737975004c1bfb4d9d75531c41.jpg,0,1
S506_001_00000038_png.rf.f2941b0c789349c33def2afe8533e62e.jpg,0,1
S135_012_00000020_png.rf.ada8785ee1d02d261187e3e51dcff5d7.jpg,1,1
S061_001_00000010_png.rf.b4cde9d6fca2b077ef14194b74f1c7d1.jpg,1,1
S099_007_00000010_png.rf.f47a4bbee0f5abe815a7327fa16c3dcf.jpg,0,1
S046_003_00000014_png.rf.7f407096a6c1ddc89ddfd7ca0d33c30b.jpg,0,1
S076_006_00000017_png.rf.0a1c4c466645b9f1f6fa80aae34613fb.jpg,1,1
S116_001_00000014_png.rf.09ba2bce5512e4f61be54402af306251.jpg,1,1
S075_006_00000024_png.rf.b666945e8c6578b22c733df46d1b9b32.jpg,1,1
S096_001_00000005_png.rf.333d155df8fc3d14373343e7ae5f0c8d.jpg,1,1
S074_005_00000042_png.rf.75e971374713082cf7884185880e8640.jpg,1,1
S127_004_00000014_png.rf.0c65185ecbd1e6eb797350d6efa0e581.jpg,1,1
S095_001_00000015_png.rf.2303bc8244843b7479a2e08ea066967d.jpg,1,1
S066_002_00000020_png.rf.d7119c99e42d397b090d73c427c40b49.jpg,1,1
S148_002_00000013_png.rf.467078735eeb74ab012aedb57eeb32cc.jpg,1,1
S137_005_00000027_png.rf.83f61e91c539f82c569953111e848aca.jpg,1,1
S114_006_00000023_png.rf.ba1fea3fb946a93a20517d7feaed2a53.jpg,1,1
S081_001_00000017_png.rf.33b6a0c07d367241579e1ccf6b632f58.jpg,1,1
S131_006_00000022_png.rf.57ea1ab6ed74ec647854ea0850016210.jpg,1,1
S095_001_00000016_png.rf.85dde88480a8d6779c214b9320bd15ba.jpg,1,1
S057_006_00000031_png.rf.d55b740a0b0e96863206a74ec58fc7ef.jpg,1,1
S044_006_00000019_png.rf.9491d69860c0281ef85e19091be19f61.jpg,0,1
S026_006_00000012_png.rf.42ec7197ef1d1b5ac7811dc343314d37.jpg,1,1
S089_001_00000014_png.rf.c135b044144f1498c20bda1426c46111.jpg,1,1
S064_001_00000010_png.rf.ba2ba53f9e16d9d1b4d1a6e8e12a55a4.jpg,1,1
S029_001_00000018_png.rf.1af71f60aa9e19a32e0750c0c75634bc.jpg,0,1
S138_007_00000010_png.rf.7dc2bb1eb5274233855c687e849f10b2.jpg,1,1
S075_005_00000011_png.rf.33550fa043dcb94134e68721d73c3893.jpg,0,1
S133_009_00000006_png.rf.bced708a9a8c789cf47b56d0910b214b.jpg,1,1
S077_006_00000014_png.rf.6150db6986180df9a636942b8f1032fe.jpg,0,1
S100_005_00000023_png.rf.61727c7683d8f10512e0a3f3e4b846db.jpg,0,1
S125_001_00000014_png.rf.32fae6acc10a6a103635a1a4381ef520.jpg,1,1
S084_001_00000008_png.rf.3f9ada2c69fe502e6dd01c8dc594473d.jpg,1,1
S503_006_00000019_png.rf.6f77073fe5b7055e3b6901a428027b7b.jpg,1,1
S137_011_00000018_png.rf.156ae0d8cedbdc397f14596195c3fd9f.jpg,1,1
S072_006_00000020_png.rf.786f91a5973cbcc941d90e0486fa27a4.jpg,1,1
S125_006_00000022_png.rf.7057f8ed7a65b5be05a363630fe0c5d2.jpg,0,1
S125_008_00000009_png.rf.bb31d279929450f9d3cd72d9f291c035.jpg,0,1
S506_004_00000037_png.rf.eab4f5164f7bfd54193a607846c67a00.jpg,0,1
S134_004_00000013_png.rf.1363a54a44a10ce10acf5c29f7dfce7f.jpg,1,1
S132_008_00000009_png.rf.fc6cab2207bf85e201a7539d41ac7358.jpg,1,1
S065_002_00000021_png.rf.ec2d1fc5d044d6535a31db5bb1fc84fc.jpg,0,1
S115_004_00000017_png.rf.c46b5b2e6a5ad816b1e746b67e1ea6b8.jpg,1,1
S129_011_00000018_png.rf.1985ad6430344b4aebc97e03d45136a5.jpg,0,1
S131_001_00000016_png.rf.df4284a0953c7dd290036c71cd05cd69.jpg,1,1
S130_007_00000019_png.rf.556ab17a34de80700255fe002192f66f.jpg,0,1
S098_003_00000012_png.rf.1fbee4b749589e3a1909baafae554505.jpg,0,1
S110_001_00000012_png.rf.7143e067def8f6cdd167558dea9bd763.jpg,1,1
S094_001_00000008_png.rf.7403a64284b65ca158c2a98c5249f78f.jpg,1,1
S136_006_00000018_png.rf.6a099a3eaa5e6617223bcd6d7db35dcc.jpg,1,1
S093_001_00000020_png.rf.8443af4b420d591127b8e032a3da8653.jpg,1,1
S502_001_00000016_png.rf.2fb668f2852f9f0a4fc286e69081396e.jpg,0,1
S069_003_00000010_png.rf.bea05d02988d60c260968a72f6cdb1e1.jpg,0,1
S079_002_00000010_png.rf.7dae2f3049f089ad1a79a0bb6f7675c8.jpg,0,1
S109_005_00000012_png.rf.783c586ee6777465a82dc02e37b89ed3.jpg,0,1
S126_004_00000011_png.rf.fe4bc7cc8e47e20511d6be0501669da5.jpg,1,1
S095_006_00000013_png.rf.c3788071adf27ae20c9a04f7fd4c6110.jpg,0,1
S070_003_00000017_png.rf.b59302235146ad71bdca5c1fd0002241.jpg,1,1
S092_004_00000023_png.rf.467a1dbf4145dccf5fb9c2fdfc781048.jpg,1,1
S035_001_00000015_png.rf.2dd2518d5d584c3af058a8250114ad88.jpg,1,1
S069_004_00000015_png.rf.f8ee1ada726b2cf439ae4139b7969405.jpg,1,1
S063_001_00000013_png.rf.fe5bcff49c73e3716426642e11265000.jpg,1,1
S099_001_00000013_png.rf.ce3f7130c043f5dde2d80f54d881101f.jpg,1,1
S131_010_00000016_png.rf.b220411af6f3913715411d02b0756b2c.jpg,0,1
S032_005_00000015_png.rf.e2e55059828fc9ec844ed66190b29306.jpg,0,1
S130_007_00000018_png.rf.9293b32a9a9fce3bc3e19c65d1be8578.jpg,0,1
S113_003_00000014_png.rf.0b81370f352426bb8a8e7420c86bd55c.jpg,1,1
S055_005_00000043_png.rf.0bd12ce800fd74c22c574fa10609dd42.jpg,1,1
S160_006_00000010_png.rf.09cba3c1fe55eac6e12e397802854928.jpg,1,1
S067_002_00000014_png.rf.d7ceef4b72db98d03ed6686c6e6cf192.jpg,1,1
S026_006_00000013_png.rf.47847368f61e6b1f3f634d6aa36787f2.jpg,1,1
S034_001_00000028_png.rf.db9a55d34eb3db2da0838b9539ba8cea.jpg,1,1
S005_001_00000010_png.rf.6b083f36b2135c1c68eb774ff69ad23d.jpg,0,1
S014_003_00000028_png.rf.8207e3e4423918511fc74be0826984c9.jpg,0,1
S113_001_00000012_png.rf.30c139542f72a74d261c5f68ea4eee01.jpg,1,1
S014_001_00000028_png.rf.972fd800903b7f35f8b21f38eefc3733.jpg,1,1
S129_002_00000011_png.rf.2beeda12c7469a4fbc3a432cb20fa951.jpg,1,1
S091_003_00000020_png.rf.a8c2b40a13b22d44905660ddba54b296.jpg,1,1
S032_006_00000016_png.rf.0b9e5309c6688aadbb1f3db2b7ca1761.jpg,1,1
S066_002_00000022_png.rf.a9767b1a0366be25cba146695987f11d.jpg,1,1
S090_002_00000010_png.rf.da96459bbb695a351c5b85677a2232d4.jpg,1,1
S137_001_00000012_png.rf.106c1d1d390d4519ef4365498d87af19.jpg,1,1
S076_001_00000015_png.rf.6e49e84006b3d48bcf9348b168538c4b.jpg,1,1
S501_006_00000041_png.rf.1af024486d5ccd65ec3fcc91adbbbdbf.jpg,1,1
S135_012_00000019_png.rf.ac29ba62bcb7025c16639398f485e8b9.jpg,1,1
S895_002_00000006_png.rf.4a4026818f7b25fa894bb21f371ad816.jpg,1,1
S149_002_00000012_png.rf.f52040f2ba24a44ec0a267a8b4aefb5b.jpg,1,1
S129_012_00000010_png.rf.59455053d1134c31df552fff1856e799.jpg,1,1
S042_004_00000020_png.rf.dec888a78baab551df07ac746db28ceb.jpg,0,1
S070_002_00000014_png.rf.2a640055db55d2bca2b52040c8e05ea6.jpg,1,1
S011_005_00000019_png.rf.33f81ab8ebff4b12f4d8410447f47aa1.jpg,0,1
S108_005_00000022_png.rf.b227030a6355ca99b5e7996db4e89816.jpg,1,1
S124_007_00000023_png.rf.fad0effcbf10fc89eb28baf8886d8c72.jpg,1,1
S105_008_00000010_png.rf.d9cb84699bd3de920367650cfbe8437f.jpg,0,1
S125_008_00000008_png.rf.71af6dcec7490c5f6cd23e497c4126df.jpg,0,1
S089_002_00000021_png.rf.6a1ff56336c316ec23e79692553856fc.jpg,1,1
S505_002_00000019_png.rf.bf892b316236f225069eb0060714c43b.jpg,1,1
S087_001_00000009_png.rf.0c9ee3db773762dbb2716404b0e6c022.jpg,1,1
S060_003_00000016_png.rf.a2c8cf54fa75dfed138c3bb39fd5ef2a.jpg,1,1
S096_001_00000007_png.rf.a965fc6a6dc7f7f4254e7e87b49760d9.jpg,1,1
S503_001_00000071_png.rf.4a0b3c78342ee3b8f568cc470604153c.jpg,0,1
S014_002_00000016_png.rf.9eb8995d43d84c07a97f137c085fa56d.jpg,1,1
S052_001_00000015_png.rf.9abf2b5b612889b535ce94de626ec3cb.jpg,1,1
S026_003_00000013_png.rf.5460e9b30e3cdad065af2c0b64e3715a.jpg,0,1
S106_002_00000015_png.rf.0d9e08af2a38a9bef802ea892bbbe552.jpg,1,1
S127_004_00000015_png.rf.9d831c3ba5d6af8af17ac805e5d64b04.jpg,1,1
S079_004_00000024_png.rf.412cc47e0898b5b5408f59543f53078e.jpg,1,1
S083_003_00000017_png.rf.b0c7d901bafc1d161e09f72292e6e0dd.jpg,1,1
S154_002_00000011_png.rf.6e4666cc80f3caff9bdc430eaa32af3c.jpg,1,1
S051_003_00000017_png.rf.e90c38ed32115afaa651f7ac6ec57a68.jpg,0,1
S116_007_00000015_png.rf.bef6c5bb6b43131ef714e5c4bf9f64a4.jpg,1,1
S080_001_00000017_png.rf.83ec4a9a737073c3285eb0118511645c.jpg,1,1
S094_004_00000010_png.rf.af1c2472ba4b97c9c7b6a8f8caca8d32.jpg,1,1
S129_012_00000009_png.rf.1a3d11ffa79e6c8c70988d6f42b6b582.jpg,1,1
S081_008_00000009_png.rf.3d4b145299ea1fbcdd68284601f6e5a5.jpg,0,1
S053_004_00000022_png.rf.47305dd4c5b2959701760e5ca6a55984.jpg,1,1
S014_005_00000015_png.rf.ffb839b0fd59aac993d1a46bbebd6a55.jpg,1,1
S055_006_00000006_png.rf.28d17a5bdc69f23edec943abe976c424.jpg,0,1
S092_001_00000016_png.rf.7416f61ba8a6680d392f9ba3069682da.jpg,1,1
S075_002_00000012_png.rf.e3d494a83060a6761efd5df30cac277c.jpg,1,1
S070_003_00000016_png.rf.565b8f2b07e3259875ac94fb63a52298.jpg,1,1
S095_006_00000012_png.rf.f7f35835e1641d29bcc9ddb6aa2dad17.jpg,0,1
S075_006_00000025_png.rf.afa3b7f9144cd372c25d478d3b2d0e56.jpg,1,1
S035_001_00000014_png.rf.7e27cd0903f798f5f88194a906069a5b.jpg,1,1
S137_001_00000013_png.rf.d7bef420c4735600cf3fe26df1d9b8c3.jpg,1,1
S022_005_00000031_png.rf.0fbcd57fa04cd6e6c3ea2d38d4834ad4.jpg,0,1
S138_004_00000013_png.rf.719f9033f25d6017e0b40362f8351bd1.jpg,1,1
S138_001_00000011_png.rf.9414e52c19d11fed43a9e850a8ca0d5b.jpg,0,1
S131_010_00000018_png.rf.8387a7d837c4279e86bfcc930f767f98.jpg,0,1
S080_005_00000012_png.rf.8882e5df943a7507dc1d9fec5f2f7003.jpg,1,1
S065_005_00000008_png.rf.c27c0b080087cadf62bed32302fc25d7.jpg,0,1
S054_004_00000022_png.rf.ce8435f8d1ec17a9ef081a67a1c19609.jpg,0,1
S108_008_00000012_png.rf.8f437f480398016d2f4deb81bf63f0b4.jpg,1,1
S061_004_00000021_png.rf.0d7769bee5797fe8ddd2d66ae870475c.jpg,0,1
S099_004_00000014_png.rf.fa59b317e69ec27bea512924d3a0aa65.jpg,1,1
S151_002_00000029_png.rf.f8203bb2af86847810c441836d4157b1.jpg,1,1
S037_003_00000022_png.rf.a8ea01478cff5f4253a2599d1ebf7917.jpg,0,1
S011_004_00000019_png.rf.621cc05bd29ef1610fcd5f9561115f99.jpg,0,1
S068_003_00000013_png.rf.7d3eee2a8775b2b39fbae01fa03c3f05.jpg,1,1
S131_006_00000020_png.rf.300f00c7e53f77d6a72fbb718c4ad94c.jpg,1,1
S111_007_00000012_png.rf.f4e751a78961781566b22cbf0fed13b1.jpg,0,1
S106_004_00000006_png.rf.a183ea816fd9fcb56bfc3e7206468165.jpg,0,1
S081_002_00000023_png.rf.d5290345e00ff9f2515a1dcd36a4b8f5.jpg,1,1
S086_001_00000017_png.rf.8b8f1da2a28d95bfe6efa37e03d64bec.jpg,1,1
S111_006_00000010_png.rf.df248443b8f82e230dc0b8882eabcbe8.jpg,0,1
S076_006_00000019_png.rf.ce43b057f5d19b9e2ec441525152cf77.jpg,1,1
S050_001_00000017_png.rf.0c4bedcb11e9a998e82ed455efe79fd2.jpg,0,1
S502_002_00000009_png.rf.da9a7ec725eedb3201af714c328ee4a2.jpg,1,1
S057_006_00000033_png.rf.fdef961a809b9f9c197b3f3714f862f8.jpg,1,1
S062_004_00000022_png.rf.27108cdbcb2e60a16c4bb29dedbc85a7.jpg,1,1
S115_004_00000015_png.rf.291ba67832ac70d41b47042776fc3429.jpg,1,1
S074_004_00000017_png.rf.e335a3fabca6d43fe1edb0ce9c9a2a56.jpg,0,1
S089_003_00000034_png.rf.fccd57e677a8a49d0419330f4084da58.jpg,0,1
S132_006_00000023_png.rf.937ac7a06629c0ec39919fce369835ee.jpg,1,1
S501_001_00000067_png.rf.b9818fddf1a37a4fbdb47ee07d5e2bf5.jpg,0,1
S095_010_00000013_png.rf.989e05e59fe668356a96abf6a2fb6fc3.jpg,1,1
S062_005_00000027_png.rf.1a909b2d3296c370d2a6a0945a36af01.jpg,0,1
S057_003_00000013_png.rf.38d3300b0346dcb41702dcd9431439cc.jpg,0,1
S116_006_00000005_png.rf.909ee4c814c863472edf0907438bf730.jpg,0,1
S129_002_00000009_png.rf.14c98ef1cf1f398818bc6b76f972d1ff.jpg,1,1
S052_006_00000011_png.rf.4e4501dc2cd4260ac6d702216c28fbcf.jpg,0,1
S056_003_00000008_png.rf.e562f3ab6fe1866cb0325b28743b21c0.jpg,1,1
S132_003_00000023_png.rf.d42065379c96fa57b70fa7a82499c853.jpg,0,1
S044_006_00000017_png.rf.1e0f17cb367521ea27c3c1529cbdb486.jpg,0,1
S062_005_00000028_png.rf.cfb13217d5aae8697e3b74d3eb63f2c7.jpg,0,1
S060_005_00000019_png.rf.48a6a9243d71f3c63aca2e9810b564fe.jpg,0,1
S115_001_00000008_png.rf.8f472cc153ef6643dd2a3268afe2771d.jpg,1,1
S010_006_00000013_png.rf.23f1acb4c490f7ed2512a87a80015c27.jpg,1,1
S079_001_00000012_png.rf.33b4fc1fb1df2f8762da3b7d513137ac.jpg,1,1
S506_002_00000007_png.rf.6ecc68b5532f3d26ac97b4aff5a3f068.jpg,1,1
S052_006_00000012_png.rf.9e756bc0fe6b3d35cb38ef9b2543b406.jpg,0,1
S076_001_00000017_png.rf.a17ac61ee5984152a7bac39aaff9f363.jpg,1,1
S044_003_00000013_png.rf.c12e5fca94c0cd9d0981dfb1043360f2.jpg,1,1
S065_004_00000026_png.rf.a439bb7ac4df3677e15aecf59ae65b20.jpg,1,1
S061_004_00000022_png.rf.87be2033b12210dbc4c18f8838344407.jpg,0,1
S058_001_00000018_png.rf.83e5be9529972e9a214c04192ca03bbc.jpg,1,1
S117_001_00000012_png.rf.deb0879b393e8981db845cd7ae9df2c9.jpg,1,1
S113_008_00000022_png.rf.acc8b62d60d81f498b43e3fc3d320100.jpg,0,1
S051_002_00000018_png.rf.ab6a4f0f4bbbaeadb34499b23136393a.jpg,1,1
S054_003_00000006_png.rf.c813d7b565d4a3cfdb9b2988e50a11de.jpg,1,1
S133_009_00000005_png.rf.abd0f5ac3bf0c3caffaeeaefb0429489.jpg,1,1
S088_004_00000019_png.rf.132fae4d3ec592dab22b265317a04b9c.jpg,0,1
S130_009_00000019_png.rf.033f09c18405eea4d7704fa173d6ee25.jpg,1,1
S999_003_00000055_png.rf.5e1958f3da7bed36ebbb12f6cfae48fc.jpg,0,1
S058_006_00000017_png.rf.e6aad8c51e33a5c45d369bc47b7bce14.jpg,0,1
S151_002_00000027_png.rf.c823f9a71f2e4b108228b2c2ff159814.jpg,1,1
S064_004_00000014_png.rf.9373017f1b1ced440ab2d20696c8c586.jpg,1,1
S061_001_00000011_png.rf.a31c6fd3c8dc9ac4786ff4d3525dd100.jpg,1,1
S106_002_00000014_png.rf.dd4b85b9aa11cdc845b1dc6fbbdbb42d.jpg,1,1
S117_006_00000010_png.rf.da844174fe7854b317c7453416357201.jpg,0,1
S124_006_00000011_png.rf.29dfd953b038e0ec719d6dd951f25291.jpg,0,1
S037_003_00000021_png.rf.87005c48e3629166305b6d7b24fb241e.jpg,0,1
S506_004_00000038_png.rf.e6182a94e79d760a6a95cc71c9b5ca3e.jpg,0,1
S026_003_00000014_png.rf.bea82a8a0f27d4b870894caa6d918c05.jpg,0,1
S082_005_00000016_png.rf.97d47429a9722fc8ea02f2b1c1535d34.jpg,0,1
S504_002_00000008_png.rf.c52f436377336297f95d517d3adc6a6a.jpg,1,1
S122_001_00000010_png.rf.389e2df7eb494b774b32809552c0c20f.jpg,1,1
S092_004_00000024_png.rf.3e95ece88d768952e78bc190e07de8a1.jpg,1,1
S095_007_00000019_png.rf.2bb76056d1a59cda48fc0ce73b5fb561.jpg,1,1
S097_006_00000019_png.rf.3848a4e36c558f7fab2945a9aaef3ffd.jpg,1,1
S011_003_00000012_png.rf.cfaa7ec9e71cd3e0b8163fc63cc6c942.jpg,0,1
S109_006_00000015_png.rf.948c6fb021d9ff222e9cd3ba99acaf0c.jpg,1,1
S129_006_00000010_png.rf.7dc8bd0b6375bedc12138700903d05c0.jpg,0,1
S075_008_00000012_png.rf.15b7048627a6dbc34cf2d27d75c6e6fc.jpg,0,1
S089_001_00000015_png.rf.8209caf0dd6dfb030f8b8debf1e76c2e.jpg,1,1
S999_001_00000018_png.rf.3ac8d32aca7a8346dac506879df0da7a.jpg,0,1
S138_005_00000016_png.rf.2202ba40962c5b2ad5bfb9a2754b3d80.jpg,1,1
S085_004_00000015_png.rf.ef6beb69d186d767d2e6841d958836d7.jpg,0,1
S504_001_00000022_png.rf.ab20eb9d807f222729d41478abf56b0b.jpg,0,1
S056_002_00000008_png.rf.e98bee339a404351d5c1abcb00d82f85.jpg,0,1
S069_002_00000013_png.rf.05dad7ef527dfcb626ef89e9b7f11311.jpg,1,1
S080_005_00000011_png.rf.325476bc45aecece521249e32d32b559.jpg,1,1
S032_004_00000013_png.rf.3087dddd60be19047b56c92d6a7fe431.jpg,0,1
S057_003_00000014_png.rf.820f50330b12e11ca3d99322afc0e3c4.jpg,0,1
S131_001_00000015_png.rf.f09cba2835e9414b2e6b0bc2c52b91eb.jpg,1,1
S156_002_00000019_png.rf.6363f850b959b8f426332f5598fad789.jpg,1,1
S042_004_00000019_png.rf.f41d42a4ffaa90d9ca0338eaf07efd8c.jpg,0,1
S062_001_00000015_png.rf.e2de32883b071a96c07994570f1c06b8.jpg,0,1
S067_004_00000022_png.rf.2480fc7703f8da3124391aacf7dd5755.jpg,0,1
S092_004_00000022_png.rf.38f43e10c9c717833541314d59219ca0.jpg,1,1
S133_003_00000046_png.rf.bb697e43df57f6fedcf1c04b8a2db0be.jpg,0,1
S054_002_00000014_png.rf.2293caef671701cee0eb09cfebd308f5.jpg,0,1
S111_007_00000014_png.rf.b1fbefdff3120159f3ba2859f6fefbb6.jpg,0,1
S022_006_00000016_png.rf.8e5b96ca543a1a2cd4c183af4dc2097c.jpg,0,1
S113_001_00000010_png.rf.7e34e49a509f6ffffcb3caa4316f363c.jpg,1,1
S022_006_00000017_png.rf.cfb9ca45417fcacf0ab286bb30eb7ec0.jpg,0,1
S137_005_00000026_png.rf.4431afee9496dde97ef59e3db8c01c72.jpg,1,1
S501_006_00000040_png.rf.6c7c1cffc4a3de2709ac4141d9a60e61.jpg,1,1
S045_004_00000015_png.rf.df59a51d12381f76b1c38cdf57f5a010.jpg,0,1
S154_002_00000012_png.rf.4d03f98c79c12341eceda761b98f3d9c.jpg,1,1
S032_003_00000016_png.rf.f859c3d0cafa701570d55b15fcd610e0.jpg,0,1
S076_005_00000011_png.rf.192fffa52c737789b47e2e2144b20aaa.jpg,0,1
S037_001_00000018_png.rf.307b964a80f8e04b04fc694193559a11.jpg,1,1
S504_004_00000015_png.rf.726b31ca4a5078ae06ad2f76568c73a2.jpg,0,1
S086_002_00000013_png.rf.da300f64ebeac430f47c02731cb25174.jpg,1,1
S026_002_00000016_png.rf.144bbecd6da96999550bccaa60e04347.jpg,1,1
S086_001_00000019_png.rf.bb3bc697cd3a9a92fa3178e240da21d3.jpg,1,1
S028_001_00000023_png.rf.526bf6003014648535d3c1fec20936c6.jpg,0,1
S134_003_00000009_png.rf.01d080d6915a2b32831f9589b8b9aadb.jpg,0,1
S054_003_00000005_png.rf.ff051c4c51653a748e9729368efde3e9.jpg,1,1
S062_004_00000023_png.rf.89f727ce8fbc78a3a6d458dd3a306c22.jpg,1,1
S109_006_00000013_png.rf.94360e32779c44dc08a44dbd3e4cb674.jpg,1,1
S011_002_00000020_png.rf.3d9f97baee9ebc04d2dcd137b45c8b12.jpg,1,1
S114_001_00000018_png.rf.6bbe4c9825edb3beebb6a4cbaf981804.jpg,1,1
S501_001_00000065_png.rf.e1d4f68c5fef74c1ab8425d9bdcd4d22.jpg,0,1
S034_001_00000027_png.rf.1017adf64db796e61fe989f7990591de.jpg,1,1
S125_008_00000010_png.rf.318000bb520b5e680ed490c21c9c146f.jpg,0,1
S114_001_00000016_png.rf.d435e1f37af774db13a10e9ef35d1bef.jpg,1,1
S053_004_00000024_png.rf.5ba6aa46f36a0260cd200063e5e3fe03.jpg,1,1
S042_001_00000019_png.rf.c486be3bc7f903cfc76a05e7def0f109.jpg,1,1
S504_006_00000018_png.rf.7d31e31831f986ecc15b61697bed588d.jpg,1,1
S093_004_00000015_png.rf.7e633435552003fa5cec458efbe4b60f.jpg,1,1
S081_008_00000011_png.rf.19e4aa45973236e5452143ec83de0e0f.jpg,0,1
S125_005_00000013_png.rf.f47a8bd4f3a3e20a22e04be343ce96d8.jpg,1,1
S091_001_00000014_png.rf.b9fd5e427dc5202fd58299b5d999d550.jpg,0,1
S133_003_00000045_png.rf.80c58287635d6f0283d929504847e895.jpg,0,1
S084_002_00000021_png.rf.3ddebef513fb7217d80af25592643445.jpg,0,1
S081_002_00000024_png.rf.3f4763cf02cd0500de45de43b33b4acf.jpg,1,1
S096_003_00000012_png.rf.8a0068544050cef925c29a8b8a6f7117.jpg,0,1
S042_006_00000015_png.rf.d523224e91d4bbaedbf55d9bde217cfc.jpg,1,1
S067_002_00000013_png.rf.ef835fb1ce0cbc0d3fb27d8d7d2c79a2.jpg,1,1
S054_002_00000015_png.rf.f63e4a20adfe36719fa69fb13de8c4dc.jpg,0,1
S078_001_00000031_png.rf.ce3de1be951199624280ae6387248314.jpg,1,1
S066_005_00000010_png.rf.df24138946fdc11ae55f9603f072cd57.jpg,0,1
S085_003_00000012_png.rf.764db93f2472752080c59cfca386711d.jpg,1,1
S113_008_00000021_png.rf.6a0e03841a1f3acc84a42c6de3cfbb70.jpg,0,1
S506_001_00000039_png.rf.f463a19db651e2149b5e8f22130c583e.jpg,0,1
S067_005_00000022_png.rf.e4057f03cb169faf3e82b5cd19c337ae.jpg,1,1